ad_id,campaign_name,product_id,spend,revenue,impressions,clicks,date
1,Campaign_1,174,315.75,649.67,1152,354,2025-01-01
2,Campaign_2,310,332.5,437.61,1070,391,2025-01-01
3,Campaign_3,354,473.04,566.72,1074,385,2025-01-01
4,Campaign_4,167,279.51,569.4,1136,363,2025-01-01
5,Campaign_5,254,310.2,550.38,1142,320,2025-01-02
6,Campaign_6,27,126.08,220.58,1069,315,2025-01-02
7,Campaign_7,440,236.15,438.76,1060,345,2025-01-02
8,Campaign_8,293,209.88,467.98,1112,319,2025-01-02
9,Campaign_9,127,125.01,217.83,2272,681,2025-01-03
10,Campaign_10,26,435.26,967.99,2262,662,2025-01-03
11,Campaign_11,468,340.67,821.68,1553,429,2025-01-04
12,Campaign_12,451,369.48,803.43,1621,417,2025-01-04
13,Campaign_13,262,260.13,581.81,1548,428,2025-01-04
14,Campaign_14,25,158.87,241.03,2130,693,2025-01-05
15,Campaign_15,193,332.83,737.86,2180,695,2025-01-05
16,Campaign_16,136,291.15,465.08,1581,422,2025-01-06
17,Campaign_17,303,303.66,344.51,1544,432,2025-01-06
18,Campaign_18,410,447.09,762.27,1572,451,2025-01-06
19,Campaign_19,446,282.57,552.02,1177,330,2025-01-07
20,Campaign_20,232,115.53,158.48,1211,330,2025-01-07
21,Campaign_21,442,343.08,570.8,1235,323,2025-01-07
22,Campaign_22,324,471.8,632.88,1160,329,2025-01-07
23,Campaign_23,405,140.91,301.8,1099,324,2025-01-08
24,Campaign_24,370,125.81,240.14,1173,318,2025-01-08
25,Campaign_25,122,141.54,180.18,1137,345,2025-01-08
26,Campaign_26,154,116.55,190.03,1078,341,2025-01-08
27,Campaign_27,320,431.47,971.69,1367,378,2025-01-09
28,Campaign_28,371,285.94,529.71,1358,365,2025-01-09
29,Campaign_29,101,398.8,950.06,1378,376,2025-01-09
30,Campaign_30,406,308.09,639.12,1657,408,2025-01-10
31,Campaign_31,109,366.59,472.39,1657,389,2025-01-10
32,Campaign_32,432,356.85,407.92,1596,385,2025-01-10
33,Campaign_33,303,200.98,383.29,2299,732,2025-01-11
34,Campaign_34,41,167.89,184.72,2281,696,2025-01-11
35,Campaign_35,464,132.92,260.98,2383,575,2025-01-12
36,Campaign_36,101,254.01,324.42,2330,607,2025-01-12
37,Campaign_37,210,489.3,1150.05,2256,658,2025-01-13
38,Campaign_38,388,174.62,347.65,2251,664,2025-01-13
39,Campaign_39,345,488.82,785.08,1537,398,2025-01-14
40,Campaign_40,349,329.49,628.26,1506,383,2025-01-14
41,Campaign_41,473,234.09,288.78,1502,404,2025-01-14
42,Campaign_42,498,485.67,924.04,2349,651,2025-01-15
43,Campaign_43,301,289.63,694.73,2323,643,2025-01-15
44,Campaign_44,101,447.01,736.92,1493,442,2025-01-16
45,Campaign_45,492,133.38,290.77,1421,453,2025-01-16
46,Campaign_46,27,324.2,384.36,1467,469,2025-01-16
47,Campaign_47,376,263.44,602.06,2288,637,2025-01-17
48,Campaign_48,263,158.86,206.64,2350,648,2025-01-17
49,Campaign_49,2,414.58,649.9,2126,592,2025-01-18
50,Campaign_50,301,135.67,168.64,2136,560,2025-01-18
51,Campaign_51,56,132.65,201.35,2397,670,2025-01-19
52,Campaign_52,471,427.59,687.71,2434,671,2025-01-19
53,Campaign_53,168,302.55,540.44,2136,630,2025-01-20
54,Campaign_54,108,105.59,181.02,2212,621,2025-01-20
55,Campaign_55,245,350.56,738.48,1633,459,2025-01-21
56,Campaign_56,480,329.1,433.66,1572,467,2025-01-21
57,Campaign_57,105,491.24,1106.34,1560,442,2025-01-21
58,Campaign_58,91,479.65,768.87,2204,667,2025-01-22
59,Campaign_59,68,335.77,615.05,2257,662,2025-01-22
60,Campaign_60,409,411.97,987.21,1132,307,2025-01-23
61,Campaign_61,38,234.82,438.44,1157,289,2025-01-23
62,Campaign_62,343,388.38,676.97,1135,272,2025-01-23
63,Campaign_63,322,269.23,335.49,1125,305,2025-01-23
64,Campaign_64,142,233.79,363.37,2241,564,2025-01-24
65,Campaign_65,424,204.73,407.99,2173,581,2025-01-24
66,Campaign_66,449,488.39,912.93,2429,687,2025-01-25
67,Campaign_67,252,186.26,391.17,2460,688,2025-01-25
68,Campaign_68,387,127.49,211.49,2346,697,2025-01-26
69,Campaign_69,286,161.68,227.54,2266,688,2025-01-26
70,Campaign_70,389,433.94,726.09,2344,666,2025-01-27
71,Campaign_71,318,208.76,481.24,2330,678,2025-01-27
72,Campaign_72,406,103.61,255.89,2364,698,2025-01-28
73,Campaign_73,408,111.86,145.02,2288,718,2025-01-28
74,Campaign_74,415,132.44,287.62,2167,617,2025-01-29
75,Campaign_75,492,148.15,274.94,2136,639,2025-01-29
76,Campaign_76,445,131.17,149.0,1561,453,2025-01-30
77,Campaign_77,15,409.58,969.39,1571,440,2025-01-30
78,Campaign_78,206,477.18,744.95,1541,437,2025-01-30
79,Campaign_79,335,104.46,163.31,2196,708,2025-01-31
80,Campaign_80,131,371.52,443.74,2228,729,2025-01-31
81,Campaign_81,471,253.47,574.34,1066,351,2025-02-01
82,Campaign_82,158,358.02,504.92,1141,374,2025-02-01
83,Campaign_83,383,415.31,987.73,1141,367,2025-02-01
84,Campaign_84,382,124.01,272.55,1127,379,2025-02-01
85,Campaign_85,193,366.41,879.12,1165,332,2025-02-02
86,Campaign_86,350,325.04,568.05,1178,343,2025-02-02
87,Campaign_87,417,485.11,547.54,1162,341,2025-02-02
88,Campaign_88,494,464.62,1020.46,1244,320,2025-02-02
89,Campaign_89,474,288.43,702.24,2179,666,2025-02-03
90,Campaign_90,227,393.64,895.42,2178,645,2025-02-03
91,Campaign_91,413,326.28,380.04,1157,286,2025-02-04
92,Campaign_92,499,347.61,682.45,1100,290,2025-02-04
93,Campaign_93,7,125.3,147.25,1131,273,2025-02-04
94,Campaign_94,126,321.08,675.08,1120,303,2025-02-04
95,Campaign_95,468,317.2,594.36,2193,616,2025-02-05
96,Campaign_96,296,275.17,441.56,2193,609,2025-02-05
97,Campaign_97,305,319.47,521.95,1561,412,2025-02-06
98,Campaign_98,114,451.0,664.24,1556,417,2025-02-06
99,Campaign_99,22,332.57,408.19,1532,437,2025-02-06
100,Campaign_100,253,450.33,581.44,1095,364,2025-02-07
101,Campaign_101,294,317.07,733.43,1050,357,2025-02-07
102,Campaign_102,270,386.36,723.63,1128,378,2025-02-07
103,Campaign_103,270,137.74,173.2,1140,367,2025-02-07
104,Campaign_104,386,173.16,214.07,1624,492,2025-02-08
105,Campaign_105,319,179.89,388.46,1553,481,2025-02-08
106,Campaign_106,6,475.77,757.6,1566,481,2025-02-08
107,Campaign_107,222,303.95,622.73,1213,294,2025-02-09
108,Campaign_108,482,318.29,551.79,1133,317,2025-02-09
109,Campaign_109,300,359.56,578.74,1179,307,2025-02-09
110,Campaign_110,439,435.32,1064.37,1188,325,2025-02-09
111,Campaign_111,224,132.5,193.28,1460,391,2025-02-10
112,Campaign_112,244,130.3,285.72,1451,418,2025-02-10
113,Campaign_113,367,216.35,243.11,1404,417,2025-02-10
114,Campaign_114,129,234.4,393.15,2433,641,2025-02-11
115,Campaign_115,419,375.33,582.04,2465,631,2025-02-11
116,Campaign_116,122,394.39,743.19,1191,340,2025-02-12
117,Campaign_117,134,222.83,381.32,1210,316,2025-02-12
118,Campaign_118,174,116.47,155.63,1154,321,2025-02-12
119,Campaign_119,405,403.12,475.93,1170,313,2025-02-12
120,Campaign_120,147,259.98,647.93,2101,663,2025-02-13
121,Campaign_121,329,118.53,210.28,2133,646,2025-02-13
122,Campaign_122,485,140.84,197.31,1171,387,2025-02-14
123,Campaign_123,92,299.31,681.66,1147,369,2025-02-14
124,Campaign_124,260,308.63,696.98,1181,355,2025-02-14
125,Campaign_125,161,451.83,1047.19,1138,384,2025-02-14
126,Campaign_126,26,291.66,685.49,1056,312,2025-02-15
127,Campaign_127,407,197.93,377.45,1061,334,2025-02-15
128,Campaign_128,414,369.91,619.9,1090,323,2025-02-15
129,Campaign_129,333,349.53,770.33,1130,327,2025-02-15
130,Campaign_130,151,339.66,618.24,1219,272,2025-02-16
131,Campaign_131,473,159.63,308.99,1255,274,2025-02-16
132,Campaign_132,27,360.37,407.06,1220,309,2025-02-16
133,Campaign_133,47,264.56,531.23,1178,274,2025-02-16
134,Campaign_134,438,471.69,1021.56,1122,277,2025-02-17
135,Campaign_135,204,496.98,831.77,1141,298,2025-02-17
136,Campaign_136,343,475.65,725.33,1103,289,2025-02-17
137,Campaign_137,375,130.3,237.87,1136,276,2025-02-17
138,Campaign_138,494,112.28,164.41,1107,316,2025-02-18
139,Campaign_139,118,113.29,132.0,1024,303,2025-02-18
140,Campaign_140,242,485.15,1135.52,1095,307,2025-02-18
141,Campaign_141,137,421.51,702.82,1064,303,2025-02-18
142,Campaign_142,224,118.53,180.08,1179,304,2025-02-19
143,Campaign_143,121,306.08,722.48,1191,293,2025-02-19
144,Campaign_144,127,336.93,638.23,1094,279,2025-02-19
145,Campaign_145,189,466.25,593.01,1143,278,2025-02-19
146,Campaign_146,107,383.12,899.23,2301,640,2025-02-20
147,Campaign_147,356,317.34,786.28,2343,634,2025-02-20
148,Campaign_148,224,439.98,990.34,1191,341,2025-02-21
149,Campaign_149,222,173.3,220.33,1227,350,2025-02-21
150,Campaign_150,229,401.05,549.17,1183,361,2025-02-21
151,Campaign_151,251,108.74,158.8,1224,368,2025-02-21
152,Campaign_152,438,499.47,898.62,2254,712,2025-02-22
153,Campaign_153,241,418.72,787.21,2247,702,2025-02-22
154,Campaign_154,86,155.0,307.93,2363,665,2025-02-23
155,Campaign_155,183,258.21,583.28,2394,672,2025-02-23
156,Campaign_156,144,493.93,1102.74,2316,636,2025-02-24
157,Campaign_157,201,262.39,616.8,2372,626,2025-02-24
158,Campaign_158,17,456.05,751.72,1152,315,2025-02-25
159,Campaign_159,468,432.12,753.99,1230,343,2025-02-25
160,Campaign_160,67,107.03,144.26,1222,319,2025-02-25
161,Campaign_161,454,174.86,214.59,1159,308,2025-02-25
162,Campaign_162,416,347.47,408.22,1174,329,2025-02-26
163,Campaign_163,204,348.78,538.81,1138,343,2025-02-26
164,Campaign_164,207,435.13,762.25,1210,351,2025-02-26
165,Campaign_165,91,177.18,315.15,1126,352,2025-02-26
166,Campaign_166,51,389.12,638.54,1641,413,2025-02-27
167,Campaign_167,455,412.94,591.67,1637,448,2025-02-27
168,Campaign_168,134,137.88,304.42,1630,409,2025-02-27
169,Campaign_169,342,110.99,182.98,1044,297,2025-02-28
170,Campaign_170,209,225.29,400.68,1128,308,2025-02-28
171,Campaign_171,461,241.52,390.64,1122,329,2025-02-28
172,Campaign_172,24,199.88,492.98,1068,333,2025-02-28
173,Campaign_173,24,242.53,348.08,1497,496,2025-03-01
174,Campaign_174,27,231.24,297.38,1554,497,2025-03-01
175,Campaign_175,480,306.1,756.32,1528,461,2025-03-01
176,Campaign_176,373,389.23,461.57,1539,429,2025-03-02
177,Campaign_177,196,177.22,356.2,1548,459,2025-03-02
178,Campaign_178,55,115.46,136.57,1561,436,2025-03-02
179,Campaign_179,217,257.5,412.31,1504,417,2025-03-03
180,Campaign_180,427,498.45,592.88,1472,416,2025-03-03
181,Campaign_181,443,474.57,1078.98,1487,427,2025-03-03
182,Campaign_182,192,273.54,636.76,2211,679,2025-03-04
183,Campaign_183,153,323.44,417.79,2208,675,2025-03-04
184,Campaign_184,273,396.08,745.99,1533,382,2025-03-05
185,Campaign_185,111,102.04,188.87,1499,392,2025-03-05
186,Campaign_186,398,481.67,1147.29,1547,393,2025-03-05
187,Campaign_187,356,229.58,389.47,2302,599,2025-03-06
188,Campaign_188,445,285.14,598.34,2280,593,2025-03-06
189,Campaign_189,83,447.3,572.41,1198,344,2025-03-07
190,Campaign_190,463,126.79,308.62,1147,315,2025-03-07
191,Campaign_191,186,174.84,353.05,1117,314,2025-03-07
192,Campaign_192,63,165.44,275.13,1200,345,2025-03-07
193,Campaign_193,409,426.22,510.16,2121,608,2025-03-08
194,Campaign_194,21,286.75,470.11,2134,612,2025-03-08
195,Campaign_195,121,460.6,710.63,1169,307,2025-03-09
196,Campaign_196,364,324.2,674.27,1183,316,2025-03-09
197,Campaign_197,365,150.41,348.89,1137,310,2025-03-09
198,Campaign_198,139,462.41,1078.59,1109,311,2025-03-09
199,Campaign_199,183,178.89,391.84,2244,686,2025-03-10
200,Campaign_200,226,277.76,482.31,2239,690,2025-03-10
201,Campaign_201,185,102.13,152.6,1576,427,2025-03-11
202,Campaign_202,158,311.12,427.95,1641,417,2025-03-11
203,Campaign_203,266,495.15,670.29,1574,431,2025-03-11
204,Campaign_204,428,354.42,883.05,1227,355,2025-03-12
205,Campaign_205,490,365.15,740.36,1191,367,2025-03-12
206,Campaign_206,126,204.16,252.49,1163,371,2025-03-12
207,Campaign_207,337,375.07,680.85,1190,350,2025-03-12
208,Campaign_208,335,370.57,717.17,1401,436,2025-03-13
209,Campaign_209,201,279.3,595.0,1451,462,2025-03-13
210,Campaign_210,102,444.24,1021.42,1449,438,2025-03-13
211,Campaign_211,144,226.03,461.23,1521,430,2025-03-14
212,Campaign_212,281,338.88,762.59,1521,445,2025-03-14
213,Campaign_213,100,107.23,121.34,1527,463,2025-03-14
214,Campaign_214,357,289.08,523.77,1509,487,2025-03-15
215,Campaign_215,487,340.19,837.76,1567,479,2025-03-15
216,Campaign_216,111,121.13,161.02,1494,472,2025-03-15
217,Campaign_217,356,230.02,535.0,2228,684,2025-03-16
218,Campaign_218,293,332.15,605.28,2165,717,2025-03-16
219,Campaign_219,489,101.23,128.64,1544,438,2025-03-17
220,Campaign_220,233,209.59,419.48,1561,472,2025-03-17
221,Campaign_221,12,440.01,965.44,1602,471,2025-03-17
222,Campaign_222,156,462.92,895.27,1618,452,2025-03-18
223,Campaign_223,158,223.05,437.35,1644,447,2025-03-18
224,Campaign_224,15,496.53,768.65,1614,478,2025-03-18
225,Campaign_225,344,367.01,747.82,1444,402,2025-03-19
226,Campaign_226,58,225.68,440.04,1431,380,2025-03-19
227,Campaign_227,490,455.07,630.94,1409,407,2025-03-19
228,Campaign_228,142,317.28,512.2,2287,593,2025-03-20
229,Campaign_229,186,177.6,396.73,2354,587,2025-03-20
230,Campaign_230,193,338.98,727.45,2290,575,2025-03-21
231,Campaign_231,419,367.72,702.14,2275,547,2025-03-21
232,Campaign_232,182,177.17,327.36,2201,626,2025-03-22
233,Campaign_233,376,211.13,297.72,2217,649,2025-03-22
234,Campaign_234,398,456.24,732.27,1505,474,2025-03-23
235,Campaign_235,301,314.2,442.92,1479,451,2025-03-23
236,Campaign_236,218,341.58,591.42,1462,474,2025-03-23
237,Campaign_237,103,239.55,440.9,1118,286,2025-03-24
238,Campaign_238,270,419.27,567.9,1076,311,2025-03-24
239,Campaign_239,87,468.82,690.08,1118,305,2025-03-24
240,Campaign_240,324,331.95,458.32,1139,294,2025-03-24
241,Campaign_241,4,265.17,649.29,1581,392,2025-03-25
242,Campaign_242,335,250.21,590.3,1562,391,2025-03-25
243,Campaign_243,292,153.48,188.41,1524,402,2025-03-25
244,Campaign_244,218,484.55,753.78,2186,584,2025-03-26
245,Campaign_245,201,383.16,428.01,2175,592,2025-03-26
246,Campaign_246,465,469.52,1094.62,1199,334,2025-03-27
247,Campaign_247,124,204.24,251.63,1233,343,2025-03-27
248,Campaign_248,266,490.01,1119.91,1204,318,2025-03-27
249,Campaign_249,296,480.11,1097.89,1194,332,2025-03-27
250,Campaign_250,436,129.86,225.34,1070,315,2025-03-28
251,Campaign_251,382,443.37,758.2,1067,317,2025-03-28
252,Campaign_252,91,170.61,270.31,1110,322,2025-03-28
253,Campaign_253,431,179.1,443.92,1112,310,2025-03-28
254,Campaign_254,113,254.81,541.23,1406,463,2025-03-29
255,Campaign_255,207,240.92,481.19,1448,458,2025-03-29
256,Campaign_256,129,368.43,708.28,1453,488,2025-03-29
257,Campaign_257,284,312.15,392.85,1207,365,2025-03-30
258,Campaign_258,243,171.04,255.67,1251,350,2025-03-30
259,Campaign_259,220,489.77,836.71,1234,370,2025-03-30
260,Campaign_260,313,436.82,920.39,1234,341,2025-03-30
261,Campaign_261,297,437.5,970.21,2173,699,2025-03-31
262,Campaign_262,336,162.84,186.85,2240,673,2025-03-31
263,Campaign_263,278,343.88,410.02,1104,307,2025-04-01
264,Campaign_264,493,433.12,1016.83,1093,316,2025-04-01
265,Campaign_265,34,327.05,396.98,1048,322,2025-04-01
266,Campaign_266,219,274.53,448.24,1073,304,2025-04-01
267,Campaign_267,175,410.2,950.71,1118,272,2025-04-02
268,Campaign_268,172,339.51,766.88,1131,303,2025-04-02
269,Campaign_269,262,141.52,311.16,1152,276,2025-04-02
270,Campaign_270,92,335.05,460.81,1106,274,2025-04-02
271,Campaign_271,475,150.77,261.9,2284,687,2025-04-03
272,Campaign_272,196,436.02,812.24,2295,675,2025-04-03
273,Campaign_273,305,430.92,780.22,1531,443,2025-04-04
274,Campaign_274,130,398.5,776.31,1473,456,2025-04-04
275,Campaign_275,372,141.97,306.36,1546,436,2025-04-04
276,Campaign_276,219,402.53,569.55,2106,659,2025-04-05
277,Campaign_277,60,427.16,800.55,2147,629,2025-04-05
278,Campaign_278,110,221.11,369.6,1585,440,2025-04-06
279,Campaign_279,85,252.37,488.17,1548,426,2025-04-06
280,Campaign_280,21,424.67,753.08,1497,452,2025-04-06
281,Campaign_281,22,453.0,612.45,1495,478,2025-04-07
282,Campaign_282,196,286.82,672.0,1514,458,2025-04-07
283,Campaign_283,101,479.85,662.25,1483,468,2025-04-07
284,Campaign_284,80,438.3,638.72,1560,420,2025-04-08
285,Campaign_285,199,232.14,357.68,1567,386,2025-04-08
286,Campaign_286,100,211.44,340.53,1587,402,2025-04-08
287,Campaign_287,497,313.7,619.14,1162,348,2025-04-09
288,Campaign_288,74,458.29,535.58,1134,343,2025-04-09
289,Campaign_289,243,455.69,1010.06,1201,339,2025-04-09
290,Campaign_290,492,156.24,300.7,1191,321,2025-04-09
291,Campaign_291,408,357.91,789.23,2366,700,2025-04-10
292,Campaign_292,182,241.87,346.83,2295,701,2025-04-10
293,Campaign_293,277,180.17,215.12,2225,648,2025-04-11
294,Campaign_294,227,323.79,397.98,2222,631,2025-04-11
295,Campaign_295,208,390.64,504.82,1495,471,2025-04-12
296,Campaign_296,375,321.71,509.41,1496,457,2025-04-12
297,Campaign_297,331,234.09,357.25,1551,468,2025-04-12
298,Campaign_298,71,111.78,267.99,1639,496,2025-04-13
299,Campaign_299,339,451.61,869.9,1622,476,2025-04-13
300,Campaign_300,324,154.75,177.44,1593,505,2025-04-13
301,Campaign_301,405,323.73,394.37,1109,361,2025-04-14
302,Campaign_302,26,137.75,242.46,1148,369,2025-04-14
303,Campaign_303,305,235.93,537.61,1173,339,2025-04-14
304,Campaign_304,492,399.22,542.21,1186,356,2025-04-14
305,Campaign_305,173,399.23,717.55,1139,315,2025-04-15
306,Campaign_306,447,224.03,367.62,1163,316,2025-04-15
307,Campaign_307,253,457.87,996.9,1141,331,2025-04-15
308,Campaign_308,82,380.81,804.92,1141,311,2025-04-15
309,Campaign_309,436,385.64,583.75,2306,648,2025-04-16
310,Campaign_310,289,367.82,410.41,2319,632,2025-04-16
311,Campaign_311,93,485.02,1150.71,1515,390,2025-04-17
312,Campaign_312,490,285.62,679.5,1520,386,2025-04-17
313,Campaign_313,57,254.91,443.27,1496,408,2025-04-17
314,Campaign_314,347,302.93,450.21,1461,383,2025-04-18
315,Campaign_315,34,268.93,368.79,1398,390,2025-04-18
316,Campaign_316,488,348.86,638.42,1388,389,2025-04-18
317,Campaign_317,76,243.63,413.85,1457,454,2025-04-19
318,Campaign_318,464,162.55,220.72,1446,465,2025-04-19
319,Campaign_319,244,101.89,203.9,1446,456,2025-04-19
320,Campaign_320,101,351.87,742.07,2262,610,2025-04-20
321,Campaign_321,303,267.47,625.71,2248,610,2025-04-20
322,Campaign_322,242,394.71,616.36,2238,646,2025-04-21
323,Campaign_323,157,254.88,283.16,2203,660,2025-04-21
324,Campaign_324,44,423.25,808.47,1076,340,2025-04-22
325,Campaign_325,121,205.45,275.39,1125,353,2025-04-22
326,Campaign_326,22,282.27,523.63,1121,349,2025-04-22
327,Campaign_327,362,120.17,212.13,1104,335,2025-04-22
328,Campaign_328,182,368.05,563.56,1125,360,2025-04-23
329,Campaign_329,15,356.5,433.0,1060,374,2025-04-23
330,Campaign_330,341,117.52,252.91,1126,355,2025-04-23
331,Campaign_331,295,277.58,500.63,1086,353,2025-04-23
332,Campaign_332,332,465.91,755.2,1532,451,2025-04-24
333,Campaign_333,2,391.28,827.23,1521,426,2025-04-24
334,Campaign_334,135,396.1,662.28,1528,454,2025-04-24
335,Campaign_335,88,116.67,201.62,2158,689,2025-04-25
336,Campaign_336,264,434.81,531.21,2141,664,2025-04-25
337,Campaign_337,283,104.78,213.22,1150,363,2025-04-26
338,Campaign_338,189,295.35,691.37,1210,354,2025-04-26
339,Campaign_339,38,185.84,421.27,1168,365,2025-04-26
340,Campaign_340,478,415.13,913.78,1167,367,2025-04-26
341,Campaign_341,293,437.99,931.02,1103,295,2025-04-27
342,Campaign_342,271,227.89,421.4,1111,321,2025-04-27
343,Campaign_343,472,293.54,612.63,1105,294,2025-04-27
344,Campaign_344,331,217.4,353.78,1063,316,2025-04-27
345,Campaign_345,9,386.4,691.98,1159,362,2025-04-28
346,Campaign_346,295,464.0,628.16,1155,343,2025-04-28
347,Campaign_347,205,196.69,484.72,1209,369,2025-04-28
348,Campaign_348,21,418.98,1023.54,1209,359,2025-04-28
349,Campaign_349,489,333.07,441.43,1615,413,2025-04-29
350,Campaign_350,399,478.55,601.02,1603,434,2025-04-29
351,Campaign_351,332,266.96,629.22,1584,439,2025-04-29
352,Campaign_352,210,364.28,650.1,1420,433,2025-04-30
353,Campaign_353,202,491.68,951.62,1489,436,2025-04-30
354,Campaign_354,293,179.87,320.16,1396,430,2025-04-30
355,Campaign_355,268,391.27,956.19,1429,461,2025-05-01
356,Campaign_356,149,215.15,251.91,1438,449,2025-05-01
357,Campaign_357,457,131.03,151.13,1433,437,2025-05-01
358,Campaign_358,354,234.2,476.43,1440,408,2025-05-02
359,Campaign_359,434,192.14,434.01,1505,433,2025-05-02
360,Campaign_360,356,173.13,233.76,1465,405,2025-05-02
361,Campaign_361,183,237.7,439.51,2203,670,2025-05-03
362,Campaign_362,326,499.97,698.84,2201,679,2025-05-03
363,Campaign_363,77,291.96,412.65,1465,455,2025-05-04
364,Campaign_364,429,155.34,217.11,1464,468,2025-05-04
365,Campaign_365,185,107.33,224.84,1526,448,2025-05-04
366,Campaign_366,32,496.58,1083.69,1627,489,2025-05-05
367,Campaign_367,42,317.92,732.16,1599,488,2025-05-05
368,Campaign_368,62,182.38,400.08,1640,479,2025-05-05
369,Campaign_369,45,398.97,705.78,1250,338,2025-05-06
370,Campaign_370,406,471.52,665.83,1233,342,2025-05-06
371,Campaign_371,391,262.5,591.37,1220,356,2025-05-06
372,Campaign_372,461,334.17,584.33,1192,347,2025-05-06
373,Campaign_373,467,285.21,685.41,2228,728,2025-05-07
374,Campaign_374,2,262.67,455.61,2174,709,2025-05-07
375,Campaign_375,416,198.69,402.36,2201,670,2025-05-08
376,Campaign_376,101,235.8,275.44,2175,669,2025-05-08
377,Campaign_377,355,446.72,961.69,1624,501,2025-05-09
378,Campaign_378,449,301.11,405.34,1547,496,2025-05-09
379,Campaign_379,134,346.79,789.4,1546,502,2025-05-09
380,Campaign_380,237,491.95,1023.28,1478,411,2025-05-10
381,Campaign_381,154,179.43,328.54,1469,414,2025-05-10
382,Campaign_382,125,216.63,507.79,1539,426,2025-05-10
383,Campaign_383,269,137.34,259.64,1415,497,2025-05-11
384,Campaign_384,214,467.3,965.39,1415,493,2025-05-11
385,Campaign_385,318,402.93,731.88,1464,505,2025-05-11
386,Campaign_386,246,253.03,391.89,2248,604,2025-05-12
387,Campaign_387,173,422.87,603.0,2285,605,2025-05-12
388,Campaign_388,451,480.92,832.06,1182,291,2025-05-13
389,Campaign_389,111,426.09,632.32,1178,281,2025-05-13
390,Campaign_390,202,263.01,429.83,1223,298,2025-05-13
391,Campaign_391,80,434.99,509.27,1165,269,2025-05-13
392,Campaign_392,460,188.07,305.02,1065,304,2025-05-14
393,Campaign_393,495,297.84,571.15,1094,287,2025-05-14
394,Campaign_394,64,411.87,968.2,1067,304,2025-05-14
395,Campaign_395,39,143.92,254.02,1069,285,2025-05-14
396,Campaign_396,338,325.12,567.21,2156,594,2025-05-15
397,Campaign_397,481,343.6,492.68,2113,611,2025-05-15
398,Campaign_398,190,233.69,261.2,1568,423,2025-05-16
399,Campaign_399,140,379.64,665.62,1572,456,2025-05-16
400,Campaign_400,226,391.6,736.97,1583,440,2025-05-16
401,Campaign_401,345,362.05,754.71,1534,438,2025-05-17
402,Campaign_402,310,393.26,464.51,1498,435,2025-05-17
403,Campaign_403,258,217.11,286.96,1540,468,2025-05-17
404,Campaign_404,232,219.41,295.59,1160,281,2025-05-18
405,Campaign_405,421,430.2,484.16,1122,290,2025-05-18
406,Campaign_406,156,231.2,375.72,1124,266,2025-05-18
407,Campaign_407,88,385.23,584.01,1089,281,2025-05-18
408,Campaign_408,57,321.85,479.16,2346,717,2025-05-19
409,Campaign_409,443,172.83,367.6,2371,731,2025-05-19
410,Campaign_410,306,447.39,1094.27,1011,307,2025-05-20
411,Campaign_411,330,190.93,328.69,1095,282,2025-05-20
412,Campaign_412,229,296.48,393.17,1041,312,2025-05-20
413,Campaign_413,143,283.56,653.09,1015,293,2025-05-20
414,Campaign_414,484,374.28,460.88,1052,297,2025-05-21
415,Campaign_415,454,312.09,526.97,1040,293,2025-05-21
416,Campaign_416,450,149.01,207.73,1097,324,2025-05-21
417,Campaign_417,440,242.34,460.5,1093,322,2025-05-21
418,Campaign_418,10,157.5,297.72,2338,612,2025-05-22
419,Campaign_419,141,105.45,210.73,2384,607,2025-05-22
420,Campaign_420,69,269.58,542.04,1131,309,2025-05-23
421,Campaign_421,490,110.81,242.22,1073,303,2025-05-23
422,Campaign_422,78,336.92,817.83,1070,300,2025-05-23
423,Campaign_423,187,314.58,714.01,1146,323,2025-05-23
424,Campaign_424,44,329.55,616.16,1113,289,2025-05-24
425,Campaign_425,492,207.65,323.71,1081,312,2025-05-24
426,Campaign_426,394,264.67,352.46,1057,324,2025-05-24
427,Campaign_427,234,283.38,639.93,1079,324,2025-05-24
428,Campaign_428,409,408.86,708.81,1471,425,2025-05-25
429,Campaign_429,148,443.7,1096.83,1449,443,2025-05-25
430,Campaign_430,327,166.72,378.71,1416,430,2025-05-25
431,Campaign_431,462,226.83,363.56,2421,722,2025-05-26
432,Campaign_432,174,275.29,376.16,2380,728,2025-05-26
433,Campaign_433,268,126.45,303.22,1200,299,2025-05-27
434,Campaign_434,301,189.87,270.07,1200,315,2025-05-27
435,Campaign_435,431,340.93,673.55,1250,333,2025-05-27
436,Campaign_436,69,439.83,847.16,1185,336,2025-05-27
437,Campaign_437,271,153.55,370.99,1188,362,2025-05-28
438,Campaign_438,331,332.71,401.69,1212,369,2025-05-28
439,Campaign_439,59,401.89,956.05,1135,383,2025-05-28
440,Campaign_440,433,436.15,618.15,1183,369,2025-05-28
441,Campaign_441,277,250.08,455.86,2260,719,2025-05-29
442,Campaign_442,106,174.9,388.53,2293,710,2025-05-29
443,Campaign_443,271,236.85,471.52,2091,582,2025-05-30
444,Campaign_444,268,135.59,314.86,2124,591,2025-05-30
445,Campaign_445,130,457.47,788.96,1427,429,2025-05-31
446,Campaign_446,225,336.58,731.96,1423,417,2025-05-31
447,Campaign_447,244,448.73,1090.35,1406,414,2025-05-31
448,Campaign_448,126,386.88,496.25,1545,496,2025-06-01
449,Campaign_449,180,352.78,443.19,1517,472,2025-06-01
450,Campaign_450,15,146.77,359.06,1542,471,2025-06-01
451,Campaign_451,293,180.12,411.95,1189,317,2025-06-02
452,Campaign_452,56,332.58,408.25,1197,337,2025-06-02
453,Campaign_453,106,247.04,474.16,1138,308,2025-06-02
454,Campaign_454,30,227.86,499.5,1194,308,2025-06-02
455,Campaign_455,460,121.08,279.56,2369,711,2025-06-03
456,Campaign_456,171,461.11,1082.86,2342,722,2025-06-03
457,Campaign_457,495,481.71,1196.42,1106,367,2025-06-04
458,Campaign_458,27,370.75,446.97,1178,369,2025-06-04
459,Campaign_459,52,234.06,403.93,1138,374,2025-06-04
460,Campaign_460,218,423.76,954.51,1174,368,2025-06-04
461,Campaign_461,200,136.21,264.44,1197,330,2025-06-05
462,Campaign_462,447,246.62,327.24,1149,328,2025-06-05
463,Campaign_463,262,380.13,888.73,1227,330,2025-06-05
464,Campaign_464,202,257.63,629.13,1146,333,2025-06-05
465,Campaign_465,270,474.34,690.58,1029,325,2025-06-06
466,Campaign_466,133,458.98,1027.65,1102,316,2025-06-06
467,Campaign_467,171,289.65,454.4,1103,315,2025-06-06
468,Campaign_468,422,495.52,1144.5,1028,339,2025-06-06
469,Campaign_469,352,118.74,216.81,1500,414,2025-06-07
470,Campaign_470,495,211.88,521.27,1471,431,2025-06-07
471,Campaign_471,344,111.33,162.47,1426,412,2025-06-07
472,Campaign_472,156,454.47,572.86,1163,347,2025-06-08
473,Campaign_473,317,320.31,575.2,1135,342,2025-06-08
474,Campaign_474,355,252.74,345.51,1169,365,2025-06-08
475,Campaign_475,462,150.9,287.79,1203,349,2025-06-08
476,Campaign_476,4,381.8,662.16,2172,553,2025-06-09
477,Campaign_477,123,224.04,555.76,2177,554,2025-06-09
478,Campaign_478,92,235.01,347.52,1091,292,2025-06-10
479,Campaign_479,167,414.06,714.31,1051,299,2025-06-10
480,Campaign_480,328,206.41,393.09,1039,297,2025-06-10
481,Campaign_481,286,198.54,292.66,1013,304,2025-06-10
482,Campaign_482,154,244.26,390.29,2358,614,2025-06-11
483,Campaign_483,500,365.06,863.71,2370,620,2025-06-11
484,Campaign_484,118,382.27,473.76,1595,418,2025-06-12
485,Campaign_485,409,332.0,544.36,1578,435,2025-06-12
486,Campaign_486,67,489.71,562.63,1558,430,2025-06-12
487,Campaign_487,401,466.69,587.52,1589,439,2025-06-13
488,Campaign_488,198,189.11,466.23,1592,442,2025-06-13
489,Campaign_489,281,196.15,217.9,1552,463,2025-06-13
490,Campaign_490,429,174.36,223.74,1141,298,2025-06-14
491,Campaign_491,482,355.36,412.99,1081,301,2025-06-14
492,Campaign_492,85,344.81,834.67,1066,288,2025-06-14
493,Campaign_493,100,193.73,381.06,1103,304,2025-06-14
494,Campaign_494,174,198.26,376.14,2101,650,2025-06-15
495,Campaign_495,41,399.99,848.84,2178,635,2025-06-15
496,Campaign_496,231,265.64,424.25,1211,325,2025-06-16
497,Campaign_497,494,182.88,247.75,1181,349,2025-06-16
498,Campaign_498,398,471.68,1130.27,1178,325,2025-06-16
499,Campaign_499,403,281.11,439.84,1157,319,2025-06-16
500,Campaign_500,249,400.42,716.57,1446,441,2025-06-17
501,Campaign_501,337,293.0,619.38,1448,452,2025-06-17
502,Campaign_502,318,381.02,800.12,1499,416,2025-06-17
503,Campaign_503,296,153.16,374.03,2169,572,2025-06-18
504,Campaign_504,280,497.71,575.46,2096,575,2025-06-18
505,Campaign_505,151,143.03,157.96,2345,720,2025-06-19
506,Campaign_506,297,136.94,216.96,2340,732,2025-06-19
507,Campaign_507,493,381.32,942.1,2264,677,2025-06-20
508,Campaign_508,351,498.62,1223.5,2249,653,2025-06-20
509,Campaign_509,223,372.04,876.65,2240,689,2025-06-21
510,Campaign_510,185,340.13,781.95,2253,692,2025-06-21
511,Campaign_511,314,176.07,406.37,1150,330,2025-06-22
512,Campaign_512,342,383.9,771.84,1106,297,2025-06-22
513,Campaign_513,134,428.85,677.16,1120,324,2025-06-22
514,Campaign_514,114,244.21,489.48,1091,317,2025-06-22
515,Campaign_515,493,449.91,812.33,2097,615,2025-06-23
516,Campaign_516,368,330.64,653.19,2140,585,2025-06-23
517,Campaign_517,208,340.24,467.98,2294,659,2025-06-24
518,Campaign_518,177,277.68,486.08,2333,659,2025-06-24
519,Campaign_519,23,278.53,314.14,1418,402,2025-06-25
520,Campaign_520,419,130.56,305.01,1398,395,2025-06-25
521,Campaign_521,500,323.47,484.53,1436,391,2025-06-25
522,Campaign_522,60,267.68,363.76,2087,702,2025-06-26
523,Campaign_523,245,242.48,406.81,2151,717,2025-06-26
524,Campaign_524,348,127.87,310.93,1150,366,2025-06-27
525,Campaign_525,222,444.62,1004.36,1176,349,2025-06-27
526,Campaign_526,166,310.52,426.5,1178,341,2025-06-27
527,Campaign_527,476,109.86,187.28,1225,366,2025-06-27
528,Campaign_528,343,109.0,156.81,1550,380,2025-06-28
529,Campaign_529,247,225.94,253.26,1536,366,2025-06-28
530,Campaign_530,370,232.02,265.7,1497,385,2025-06-28
531,Campaign_531,232,118.38,184.12,1106,315,2025-06-29
532,Campaign_532,86,444.58,565.4,1071,292,2025-06-29
533,Campaign_533,274,158.22,194.95,1082,312,2025-06-29
534,Campaign_534,241,460.04,954.94,1050,281,2025-06-29
535,Campaign_535,452,292.4,370.28,1065,335,2025-06-30
536,Campaign_536,490,152.28,275.67,1056,323,2025-06-30
537,Campaign_537,184,229.77,512.55,1129,321,2025-06-30
538,Campaign_538,268,204.51,441.48,1082,321,2025-06-30
539,Campaign_539,250,343.34,508.27,1473,417,2025-07-01
540,Campaign_540,280,196.35,381.63,1438,407,2025-07-01
541,Campaign_541,160,152.46,256.78,1440,410,2025-07-01
542,Campaign_542,118,300.38,678.36,1161,356,2025-07-02
543,Campaign_543,21,241.08,591.32,1131,339,2025-07-02
544,Campaign_544,256,243.4,313.41,1109,333,2025-07-02
545,Campaign_545,257,220.04,480.62,1083,348,2025-07-02
546,Campaign_546,476,375.09,630.06,1172,314,2025-07-03
547,Campaign_547,459,227.9,321.28,1092,313,2025-07-03
548,Campaign_548,177,200.68,440.37,1156,333,2025-07-03
549,Campaign_549,175,318.64,677.36,1171,333,2025-07-03
550,Campaign_550,267,497.32,781.77,1559,428,2025-07-04
551,Campaign_551,331,331.15,602.87,1563,443,2025-07-04
552,Campaign_552,100,419.1,1031.92,1588,424,2025-07-04
553,Campaign_553,394,227.81,456.63,1600,370,2025-07-05
554,Campaign_554,63,210.51,306.15,1559,404,2025-07-05
555,Campaign_555,300,133.81,311.53,1607,399,2025-07-05
556,Campaign_556,29,205.79,447.52,1178,317,2025-07-06
557,Campaign_557,141,156.5,387.71,1140,318,2025-07-06
558,Campaign_558,232,478.85,1113.22,1171,304,2025-07-06
559,Campaign_559,118,343.44,579.69,1212,307,2025-07-06
560,Campaign_560,430,408.15,919.52,1135,331,2025-07-07
561,Campaign_561,285,459.31,665.66,1183,334,2025-07-07
562,Campaign_562,39,423.73,492.34,1184,328,2025-07-07
563,Campaign_563,204,384.69,932.44,1134,323,2025-07-07
564,Campaign_564,335,474.83,1119.84,1628,407,2025-07-08
565,Campaign_565,290,342.98,427.69,1620,391,2025-07-08
566,Campaign_566,261,344.74,522.3,1658,414,2025-07-08
567,Campaign_567,419,277.65,467.32,1184,312,2025-07-09
568,Campaign_568,19,314.59,418.99,1188,316,2025-07-09
569,Campaign_569,66,335.67,598.16,1159,335,2025-07-09
570,Campaign_570,423,438.91,684.42,1126,307,2025-07-09
571,Campaign_571,63,209.05,437.47,2367,600,2025-07-10
572,Campaign_572,164,112.47,221.97,2381,600,2025-07-10
573,Campaign_573,245,420.49,510.35,1543,392,2025-07-11
574,Campaign_574,406,491.16,1028.51,1504,416,2025-07-11
575,Campaign_575,341,452.0,507.08,1557,416,2025-07-11
576,Campaign_576,334,231.87,555.66,1642,426,2025-07-12
577,Campaign_577,471,326.16,601.85,1596,418,2025-07-12
578,Campaign_578,369,332.84,369.1,1636,445,2025-07-12
579,Campaign_579,319,318.87,531.56,1154,307,2025-07-13
580,Campaign_580,313,150.96,331.34,1129,326,2025-07-13
581,Campaign_581,176,236.18,381.47,1132,300,2025-07-13
582,Campaign_582,336,145.79,326.7,1089,305,2025-07-13
583,Campaign_583,409,280.06,433.43,1470,399,2025-07-14
584,Campaign_584,151,113.01,146.9,1400,400,2025-07-14
585,Campaign_585,233,480.18,1089.16,1416,420,2025-07-14
586,Campaign_586,245,235.02,337.72,1189,378,2025-07-15
587,Campaign_587,72,239.56,541.21,1148,359,2025-07-15
588,Campaign_588,89,102.95,182.94,1195,361,2025-07-15
589,Campaign_589,340,262.24,553.13,1117,347,2025-07-15
590,Campaign_590,380,131.25,144.45,2276,625,2025-07-16
591,Campaign_591,129,172.74,240.95,2282,635,2025-07-16
592,Campaign_592,412,479.69,678.64,1479,458,2025-07-17
593,Campaign_593,234,259.81,417.0,1502,446,2025-07-17
594,Campaign_594,318,273.69,458.67,1500,477,2025-07-17
595,Campaign_595,208,498.61,1112.57,2280,597,2025-07-18
596,Campaign_596,400,210.95,264.83,2193,585,2025-07-18
597,Campaign_597,51,286.92,401.69,1078,310,2025-07-19
598,Campaign_598,439,231.55,351.19,1171,311,2025-07-19
599,Campaign_599,309,267.02,440.49,1103,288,2025-07-19
600,Campaign_600,292,144.16,242.79,1174,308,2025-07-19
601,Campaign_601,22,304.3,570.03,1042,311,2025-07-20
602,Campaign_602,124,232.84,311.08,1088,292,2025-07-20
603,Campaign_603,13,496.08,579.6,1096,297,2025-07-20
604,Campaign_604,177,118.74,147.96,1079,317,2025-07-20
605,Campaign_605,362,107.81,244.5,1473,442,2025-07-21
606,Campaign_606,364,305.65,550.41,1543,435,2025-07-21
607,Campaign_607,126,207.99,494.91,1532,439,2025-07-21
608,Campaign_608,422,216.4,345.12,1431,405,2025-07-22
609,Campaign_609,189,474.0,684.61,1396,425,2025-07-22
610,Campaign_610,220,300.43,629.04,1422,390,2025-07-22
611,Campaign_611,426,425.43,509.83,2227,589,2025-07-23
612,Campaign_612,174,119.98,271.38,2208,619,2025-07-23
613,Campaign_613,216,211.34,235.3,2332,589,2025-07-24
614,Campaign_614,330,494.75,941.41,2324,591,2025-07-24
615,Campaign_615,487,304.29,727.11,1080,318,2025-07-25
616,Campaign_616,277,116.71,141.9,1133,322,2025-07-25
617,Campaign_617,66,227.01,455.48,1120,326,2025-07-25
618,Campaign_618,288,451.29,910.51,1106,296,2025-07-25
619,Campaign_619,68,372.12,810.96,1109,357,2025-07-26
620,Campaign_620,404,237.63,367.19,1127,388,2025-07-26
621,Campaign_621,186,132.31,231.22,1180,376,2025-07-26
622,Campaign_622,350,265.93,292.72,1171,366,2025-07-26
623,Campaign_623,317,105.94,244.94,2212,744,2025-07-27
624,Campaign_624,401,228.85,476.32,2199,727,2025-07-27
625,Campaign_625,454,355.23,609.6,2159,660,2025-07-28
626,Campaign_626,337,488.91,1072.23,2199,658,2025-07-28
627,Campaign_627,363,406.75,980.21,2254,680,2025-07-29
628,Campaign_628,270,171.45,308.84,2234,687,2025-07-29
629,Campaign_629,455,191.72,302.32,2157,670,2025-07-30
630,Campaign_630,299,153.86,172.49,2161,698,2025-07-30
631,Campaign_631,219,352.16,470.96,2381,625,2025-07-31
632,Campaign_632,484,117.49,145.55,2332,633,2025-07-31
633,Campaign_633,433,286.22,373.98,1456,470,2025-08-01
634,Campaign_634,306,463.07,710.06,1456,484,2025-08-01
635,Campaign_635,78,155.88,248.46,1448,483,2025-08-01
636,Campaign_636,436,330.74,394.95,1402,417,2025-08-02
637,Campaign_637,413,218.69,268.11,1365,434,2025-08-02
638,Campaign_638,499,402.67,479.44,1450,404,2025-08-02
639,Campaign_639,38,299.13,712.98,2210,699,2025-08-03
640,Campaign_640,362,144.42,295.98,2179,703,2025-08-03
641,Campaign_641,447,186.61,228.58,2350,676,2025-08-04
642,Campaign_642,197,321.58,610.72,2313,705,2025-08-04
643,Campaign_643,202,360.46,434.57,1218,312,2025-08-05
644,Campaign_644,312,286.31,364.13,1263,285,2025-08-05
645,Campaign_645,380,385.51,928.64,1229,311,2025-08-05
646,Campaign_646,216,310.94,647.0,1245,302,2025-08-05
647,Campaign_647,248,235.19,359.1,2443,674,2025-08-06
648,Campaign_648,398,244.17,446.76,2505,658,2025-08-06
649,Campaign_649,405,402.67,662.48,2103,737,2025-08-07
650,Campaign_650,448,427.39,631.94,2136,720,2025-08-07
651,Campaign_651,450,478.1,600.54,2111,626,2025-08-08
652,Campaign_652,240,238.37,550.26,2148,608,2025-08-08
653,Campaign_653,476,383.86,829.05,1163,371,2025-08-09
654,Campaign_654,379,399.8,803.67,1114,345,2025-08-09
655,Campaign_655,447,328.57,809.88,1159,344,2025-08-09
656,Campaign_656,126,242.65,336.44,1184,348,2025-08-09
657,Campaign_657,415,308.12,562.6,2410,665,2025-08-10
658,Campaign_658,482,115.64,161.8,2430,673,2025-08-10
659,Campaign_659,218,292.7,494.8,1536,404,2025-08-11
660,Campaign_660,57,132.52,257.49,1509,405,2025-08-11
661,Campaign_661,162,471.07,843.63,1585,400,2025-08-11
662,Campaign_662,461,277.07,691.09,1564,460,2025-08-12
663,Campaign_663,480,144.25,264.27,1538,442,2025-08-12
664,Campaign_664,71,196.37,466.41,1588,440,2025-08-12
665,Campaign_665,79,239.52,535.74,1492,416,2025-08-13
666,Campaign_666,244,229.28,298.83,1457,432,2025-08-13
667,Campaign_667,296,210.16,273.22,1415,416,2025-08-13
668,Campaign_668,290,215.59,499.48,1446,390,2025-08-14
669,Campaign_669,116,107.03,154.66,1483,385,2025-08-14
670,Campaign_670,178,285.25,407.31,1451,400,2025-08-14
671,Campaign_671,460,234.0,342.86,1495,391,2025-08-15
672,Campaign_672,425,158.6,365.9,1495,379,2025-08-15
673,Campaign_673,393,224.99,558.86,1468,372,2025-08-15
674,Campaign_674,288,431.2,708.46,1120,325,2025-08-16
675,Campaign_675,144,168.31,309.18,1077,325,2025-08-16
676,Campaign_676,251,489.15,886.04,1095,345,2025-08-16
677,Campaign_677,473,475.0,605.1,1098,325,2025-08-16
678,Campaign_678,311,390.87,570.95,2080,648,2025-08-17
679,Campaign_679,443,449.97,835.18,2066,645,2025-08-17
680,Campaign_680,470,150.34,259.95,1202,339,2025-08-18
681,Campaign_681,183,332.76,432.13,1238,367,2025-08-18
682,Campaign_682,257,312.91,604.61,1194,363,2025-08-18
683,Campaign_683,316,251.16,416.51,1215,362,2025-08-18
684,Campaign_684,178,268.76,445.94,2180,628,2025-08-19
685,Campaign_685,14,258.14,566.59,2252,658,2025-08-19
686,Campaign_686,239,118.37,176.64,2228,601,2025-08-20
687,Campaign_687,400,194.28,306.32,2246,573,2025-08-20
688,Campaign_688,78,185.64,223.31,2125,744,2025-08-21
689,Campaign_689,253,206.4,383.68,2184,728,2025-08-21
690,Campaign_690,79,395.78,550.52,2327,657,2025-08-22
691,Campaign_691,458,211.87,371.1,2302,671,2025-08-22
692,Campaign_692,193,140.41,338.03,2233,581,2025-08-23
693,Campaign_693,381,337.48,713.83,2230,575,2025-08-23
694,Campaign_694,324,485.62,991.45,2218,736,2025-08-24
695,Campaign_695,314,361.04,457.95,2273,703,2025-08-24
696,Campaign_696,69,272.48,572.26,2110,635,2025-08-25
697,Campaign_697,92,299.21,653.8,2061,651,2025-08-25
698,Campaign_698,5,344.98,597.97,1447,435,2025-08-26
699,Campaign_699,59,237.05,527.22,1367,424,2025-08-26
700,Campaign_700,136,190.15,331.42,1372,421,2025-08-26
701,Campaign_701,192,186.36,208.27,2200,670,2025-08-27
702,Campaign_702,277,456.87,1049.8,2177,662,2025-08-27
703,Campaign_703,236,243.87,384.53,2331,594,2025-08-28
704,Campaign_704,349,317.09,573.8,2398,599,2025-08-28
705,Campaign_705,406,335.95,447.21,1222,299,2025-08-29
706,Campaign_706,404,451.29,695.25,1169,291,2025-08-29
707,Campaign_707,287,404.79,449.73,1178,296,2025-08-29
708,Campaign_708,424,352.1,706.06,1197,283,2025-08-29
709,Campaign_709,220,322.87,776.42,1434,385,2025-08-30
710,Campaign_710,346,249.77,490.95,1517,389,2025-08-30
711,Campaign_711,111,423.98,748.42,1485,397,2025-08-30
712,Campaign_712,245,341.62,578.61,1421,422,2025-08-31
713,Campaign_713,200,399.98,873.63,1489,427,2025-08-31
714,Campaign_714,240,158.8,296.08,1458,400,2025-08-31
715,Campaign_715,333,294.65,358.45,1449,452,2025-09-01
716,Campaign_716,359,429.63,544.5,1466,420,2025-09-01
717,Campaign_717,12,228.11,516.28,1487,437,2025-09-01
718,Campaign_718,249,186.95,372.93,1550,463,2025-09-02
719,Campaign_719,236,262.08,441.87,1546,474,2025-09-02
720,Campaign_720,389,413.05,573.15,1558,455,2025-09-02
721,Campaign_721,462,135.49,295.22,2358,702,2025-09-03
722,Campaign_722,71,194.32,482.44,2292,696,2025-09-03
723,Campaign_723,180,321.18,448.13,1571,448,2025-09-04
724,Campaign_724,5,379.96,550.44,1666,467,2025-09-04
725,Campaign_725,485,469.32,633.58,1632,447,2025-09-04
726,Campaign_726,375,314.03,485.99,1603,472,2025-09-05
727,Campaign_727,72,108.98,249.06,1517,479,2025-09-05
728,Campaign_728,408,375.49,814.06,1546,448,2025-09-05
729,Campaign_729,319,331.03,417.27,1463,417,2025-09-06
730,Campaign_730,427,180.78,343.7,1529,432,2025-09-06
731,Campaign_731,452,442.83,1008.96,1520,417,2025-09-06
732,Campaign_732,313,417.73,991.59,2168,619,2025-09-07
733,Campaign_733,44,137.12,182.26,2202,584,2025-09-07
734,Campaign_734,320,161.03,216.34,1419,394,2025-09-08
735,Campaign_735,74,280.6,325.12,1414,410,2025-09-08
736,Campaign_736,241,151.21,264.11,1459,405,2025-09-08
737,Campaign_737,309,473.51,1170.24,2333,677,2025-09-09
738,Campaign_738,293,171.39,346.42,2308,690,2025-09-09
739,Campaign_739,452,433.03,1068.03,1418,456,2025-09-10
740,Campaign_740,139,441.96,605.29,1420,456,2025-09-10
741,Campaign_741,215,473.05,622.7,1405,472,2025-09-10
742,Campaign_742,198,297.11,742.34,2412,620,2025-09-11
743,Campaign_743,130,332.98,538.26,2429,623,2025-09-11
744,Campaign_744,49,133.54,330.81,1189,320,2025-09-12
745,Campaign_745,199,156.2,258.13,1113,320,2025-09-12
746,Campaign_746,259,202.47,474.59,1140,297,2025-09-12
747,Campaign_747,124,159.95,232.35,1165,319,2025-09-12
748,Campaign_748,359,362.6,531.18,1549,452,2025-09-13
749,Campaign_749,317,188.9,470.54,1585,447,2025-09-13
750,Campaign_750,92,321.77,357.55,1523,474,2025-09-13
751,Campaign_751,292,393.21,677.79,2396,690,2025-09-14
752,Campaign_752,311,248.98,304.29,2401,686,2025-09-14
753,Campaign_753,224,167.71,249.79,1149,315,2025-09-15
754,Campaign_754,487,254.55,413.02,1119,296,2025-09-15
755,Campaign_755,240,205.96,438.15,1121,314,2025-09-15
756,Campaign_756,406,418.04,724.1,1122,285,2025-09-15
757,Campaign_757,256,250.74,520.8,2235,717,2025-09-16
758,Campaign_758,267,186.47,245.37,2301,707,2025-09-16
759,Campaign_759,245,135.81,252.78,1233,341,2025-09-17
760,Campaign_760,126,175.73,214.32,1176,343,2025-09-17
761,Campaign_761,118,198.61,428.58,1173,349,2025-09-17
762,Campaign_762,449,427.63,662.87,1245,367,2025-09-17
763,Campaign_763,339,312.97,707.63,1572,397,2025-09-18
764,Campaign_764,365,381.02,485.63,1484,401,2025-09-18
765,Campaign_765,456,247.19,457.36,1522,386,2025-09-18
766,Campaign_766,65,361.02,485.89,1198,319,2025-09-19
767,Campaign_767,80,123.79,238.73,1142,318,2025-09-19
768,Campaign_768,183,213.19,496.95,1173,345,2025-09-19
769,Campaign_769,277,115.11,227.6,1149,350,2025-09-19
770,Campaign_770,211,436.72,988.99,1202,359,2025-09-20
771,Campaign_771,152,125.15,261.96,1136,366,2025-09-20
772,Campaign_772,481,187.55,414.68,1219,361,2025-09-20
773,Campaign_773,273,335.97,627.93,1167,368,2025-09-20
774,Campaign_774,149,263.43,541.01,1057,290,2025-09-21
775,Campaign_775,323,488.36,1026.93,1047,279,2025-09-21
776,Campaign_776,334,254.2,623.69,1049,312,2025-09-21
777,Campaign_777,142,278.04,533.28,1097,277,2025-09-21
778,Campaign_778,386,324.2,663.17,1622,394,2025-09-22
779,Campaign_779,145,247.08,274.91,1574,393,2025-09-22
780,Campaign_780,10,334.03,537.05,1571,385,2025-09-22
781,Campaign_781,147,234.03,534.87,2343,686,2025-09-23
782,Campaign_782,319,322.81,528.66,2291,708,2025-09-23
783,Campaign_783,255,220.38,374.7,1182,288,2025-09-24
784,Campaign_784,387,313.91,466.11,1100,296,2025-09-24
785,Campaign_785,77,210.65,371.16,1176,264,2025-09-24
786,Campaign_786,215,192.09,315.62,1107,286,2025-09-24
787,Campaign_787,451,403.38,848.09,1159,341,2025-09-25
788,Campaign_788,407,347.05,769.8,1177,341,2025-09-25
789,Campaign_789,379,495.11,581.24,1166,337,2025-09-25
790,Campaign_790,232,380.99,643.32,1199,351,2025-09-25
791,Campaign_791,335,235.05,415.57,1418,486,2025-09-26
792,Campaign_792,186,479.19,1083.68,1474,476,2025-09-26
793,Campaign_793,297,443.26,563.27,1461,480,2025-09-26
794,Campaign_794,304,495.39,604.04,2272,719,2025-09-27
795,Campaign_795,461,455.33,965.38,2317,700,2025-09-27
796,Campaign_796,95,133.51,199.17,1634,397,2025-09-28
797,Campaign_797,455,210.14,492.72,1550,417,2025-09-28
798,Campaign_798,186,370.89,738.76,1566,401,2025-09-28
799,Campaign_799,299,200.7,340.22,1419,400,2025-09-29
800,Campaign_800,37,349.42,839.88,1474,395,2025-09-29
801,Campaign_801,28,325.26,554.39,1477,415,2025-09-29
802,Campaign_802,32,465.97,723.85,1178,309,2025-09-30
803,Campaign_803,58,404.59,883.25,1147,292,2025-09-30
804,Campaign_804,416,343.03,835.35,1143,303,2025-09-30
805,Campaign_805,191,261.98,508.7,1172,312,2025-09-30
806,Campaign_806,386,217.95,462.63,2411,567,2025-10-01
807,Campaign_807,160,476.14,1119.26,2409,583,2025-10-01
808,Campaign_808,94,456.13,931.38,1581,445,2025-10-02
809,Campaign_809,67,369.33,416.29,1561,462,2025-10-02
810,Campaign_810,420,282.06,510.69,1568,456,2025-10-02
811,Campaign_811,172,158.5,376.12,1198,327,2025-10-03
812,Campaign_812,362,378.51,648.49,1188,308,2025-10-03
813,Campaign_813,9,344.66,557.41,1166,320,2025-10-03
814,Campaign_814,156,265.24,390.83,1152,293,2025-10-03
815,Campaign_815,404,334.4,594.4,1567,458,2025-10-04
816,Campaign_816,11,245.31,585.88,1493,461,2025-10-04
817,Campaign_817,408,152.37,173.23,1526,477,2025-10-04
818,Campaign_818,459,156.23,305.25,1105,332,2025-10-05
819,Campaign_819,123,426.08,1027.36,1024,329,2025-10-05
820,Campaign_820,146,441.22,970.43,1067,309,2025-10-05
821,Campaign_821,266,159.96,369.2,1031,320,2025-10-05
822,Campaign_822,355,301.3,569.17,2196,614,2025-10-06
823,Campaign_823,148,304.68,568.9,2167,605,2025-10-06
824,Campaign_824,269,347.52,388.34,1455,424,2025-10-07
825,Campaign_825,463,283.72,468.23,1467,423,2025-10-07
826,Campaign_826,201,303.45,680.33,1464,413,2025-10-07
827,Campaign_827,154,327.52,674.89,1132,323,2025-10-08
828,Campaign_828,309,244.69,440.05,1126,322,2025-10-08
829,Campaign_829,433,404.22,521.72,1147,325,2025-10-08
830,Campaign_830,281,352.68,684.93,1162,322,2025-10-08
831,Campaign_831,310,333.08,637.26,1239,300,2025-10-09
832,Campaign_832,365,130.24,200.01,1223,309,2025-10-09
833,Campaign_833,267,482.19,1129.44,1243,289,2025-10-09
834,Campaign_834,13,352.31,674.78,1235,307,2025-10-09
835,Campaign_835,404,270.71,327.65,1221,371,2025-10-10
836,Campaign_836,158,338.77,572.92,1171,348,2025-10-10
837,Campaign_837,87,432.06,687.98,1220,378,2025-10-10
838,Campaign_838,243,211.8,300.99,1224,354,2025-10-10
839,Campaign_839,158,315.52,418.2,2329,606,2025-10-11
840,Campaign_840,189,273.67,511.2,2379,580,2025-10-11
841,Campaign_841,226,125.46,230.98,2245,716,2025-10-12
842,Campaign_842,302,123.99,257.25,2176,718,2025-10-12
843,Campaign_843,283,349.53,405.07,2210,631,2025-10-13
844,Campaign_844,169,489.56,940.77,2111,625,2025-10-13
845,Campaign_845,367,442.74,958.2,2412,659,2025-10-14
846,Campaign_846,476,232.34,451.34,2342,690,2025-10-14
847,Campaign_847,177,374.32,515.45,1160,345,2025-10-15
848,Campaign_848,33,340.88,512.63,1138,366,2025-10-15
849,Campaign_849,95,103.76,255.55,1121,368,2025-10-15
850,Campaign_850,68,397.79,458.72,1120,353,2025-10-15
851,Campaign_851,306,180.72,373.37,2094,632,2025-10-16
852,Campaign_852,361,434.83,1028.83,2114,634,2025-10-16
853,Campaign_853,256,441.17,673.09,1087,278,2025-10-17
854,Campaign_854,301,398.62,561.63,1056,311,2025-10-17
855,Campaign_855,145,245.5,563.05,1064,298,2025-10-17
856,Campaign_856,122,114.34,273.62,1060,297,2025-10-17
857,Campaign_857,65,336.88,782.62,2416,677,2025-10-18
858,Campaign_858,425,358.97,551.9,2356,653,2025-10-18
859,Campaign_859,474,154.89,380.53,1070,340,2025-10-19
860,Campaign_860,121,241.65,410.99,1108,362,2025-10-19
861,Campaign_861,419,180.57,222.13,1073,340,2025-10-19
862,Campaign_862,232,226.49,285.42,1051,343,2025-10-19
863,Campaign_863,209,141.94,312.15,1524,448,2025-10-20
864,Campaign_864,192,396.44,618.87,1499,459,2025-10-20
865,Campaign_865,62,424.8,694.86,1542,462,2025-10-20
866,Campaign_866,429,223.66,314.59,1166,321,2025-10-21
867,Campaign_867,290,108.97,191.14,1166,308,2025-10-21
868,Campaign_868,25,307.41,468.04,1181,326,2025-10-21
869,Campaign_869,301,255.55,328.45,1136,309,2025-10-21
870,Campaign_870,63,330.75,782.79,1542,468,2025-10-22
871,Campaign_871,254,361.01,563.35,1567,434,2025-10-22
872,Campaign_872,469,171.45,404.16,1543,464,2025-10-22
873,Campaign_873,317,260.41,469.62,1196,349,2025-10-23
874,Campaign_874,189,381.12,439.91,1205,358,2025-10-23
875,Campaign_875,218,238.38,492.09,1125,351,2025-10-23
876,Campaign_876,293,301.84,521.07,1179,343,2025-10-23
877,Campaign_877,18,409.33,738.23,1503,387,2025-10-24
878,Campaign_878,126,464.2,699.09,1509,403,2025-10-24
879,Campaign_879,498,493.13,1124.06,1563,381,2025-10-24
880,Campaign_880,354,311.96,359.06,1615,481,2025-10-25
881,Campaign_881,284,452.23,842.09,1631,468,2025-10-25
882,Campaign_882,199,210.62,466.9,1602,457,2025-10-25
883,Campaign_883,116,342.65,455.66,1146,375,2025-10-26
884,Campaign_884,305,180.21,307.37,1159,354,2025-10-26
885,Campaign_885,134,170.8,381.3,1163,369,2025-10-26
886,Campaign_886,28,335.74,558.42,1149,365,2025-10-26
887,Campaign_887,52,179.5,250.63,1213,303,2025-10-27
888,Campaign_888,305,160.1,286.28,1162,303,2025-10-27
889,Campaign_889,348,162.51,399.5,1194,301,2025-10-27
890,Campaign_890,18,488.16,574.8,1160,331,2025-10-27
891,Campaign_891,348,271.09,312.88,2281,746,2025-10-28
892,Campaign_892,256,372.19,752.34,2270,721,2025-10-28
893,Campaign_893,406,205.97,246.86,1180,308,2025-10-29
894,Campaign_894,280,403.83,683.54,1128,287,2025-10-29
895,Campaign_895,277,300.97,487.08,1173,289,2025-10-29
896,Campaign_896,208,150.77,296.33,1199,298,2025-10-29
897,Campaign_897,252,470.39,548.12,1112,307,2025-10-30
898,Campaign_898,109,109.87,145.76,1113,310,2025-10-30
899,Campaign_899,151,434.2,952.05,1072,326,2025-10-30
900,Campaign_900,59,241.6,481.38,1118,308,2025-10-30
901,Campaign_901,408,241.33,530.93,1065,300,2025-10-31
902,Campaign_902,404,106.03,187.73,1061,292,2025-10-31
903,Campaign_903,206,428.35,603.65,1122,298,2025-10-31
904,Campaign_904,253,375.84,569.54,1108,313,2025-10-31
905,Campaign_905,5,353.23,555.85,1636,424,2025-11-01
906,Campaign_906,387,244.11,475.55,1578,406,2025-11-01
907,Campaign_907,73,475.35,531.79,1645,400,2025-11-01
908,Campaign_908,205,357.67,762.78,1430,471,2025-11-02
909,Campaign_909,440,394.04,686.36,1389,473,2025-11-02
910,Campaign_910,207,213.75,380.11,1464,471,2025-11-02
911,Campaign_911,469,362.24,683.92,2167,613,2025-11-03
912,Campaign_912,58,380.14,611.54,2186,643,2025-11-03
913,Campaign_913,293,151.81,304.52,1139,365,2025-11-04
914,Campaign_914,245,123.83,140.31,1082,352,2025-11-04
915,Campaign_915,67,302.59,401.79,1077,337,2025-11-04
916,Campaign_916,371,399.79,637.84,1056,363,2025-11-04
917,Campaign_917,369,223.14,281.43,2389,695,2025-11-05
918,Campaign_918,114,204.98,320.52,2370,667,2025-11-05
919,Campaign_919,222,278.11,455.26,1447,416,2025-11-06
920,Campaign_920,414,193.24,339.04,1459,406,2025-11-06
921,Campaign_921,113,402.24,892.39,1508,401,2025-11-06
922,Campaign_922,447,480.17,632.69,2460,718,2025-11-07
923,Campaign_923,469,298.69,408.48,2440,730,2025-11-07
924,Campaign_924,296,269.58,522.99,2135,560,2025-11-08
925,Campaign_925,394,179.67,216.21,2075,592,2025-11-08
926,Campaign_926,87,491.42,842.72,1473,438,2025-11-09
927,Campaign_927,329,307.95,704.41,1531,424,2025-11-09
928,Campaign_928,217,446.2,572.38,1510,424,2025-11-09
929,Campaign_929,443,365.12,587.92,1596,414,2025-11-10
930,Campaign_930,299,370.57,768.93,1582,430,2025-11-10
931,Campaign_931,4,310.13,516.95,1540,407,2025-11-10
932,Campaign_932,110,498.05,1175.41,2301,651,2025-11-11
933,Campaign_933,458,285.9,334.2,2244,638,2025-11-11
934,Campaign_934,72,465.17,1100.12,1648,435,2025-11-12
935,Campaign_935,475,247.4,585.51,1585,454,2025-11-12
936,Campaign_936,327,221.54,503.55,1621,464,2025-11-12
937,Campaign_937,400,209.89,454.74,1127,337,2025-11-13
938,Campaign_938,191,331.09,614.92,1143,334,2025-11-13
939,Campaign_939,489,369.07,628.17,1108,303,2025-11-13
940,Campaign_940,92,175.34,319.33,1111,339,2025-11-13
941,Campaign_941,270,441.8,900.94,1199,323,2025-11-14
942,Campaign_942,109,363.95,451.44,1233,329,2025-11-14
943,Campaign_943,221,385.86,813.74,1238,346,2025-11-14
944,Campaign_944,44,436.35,656.1,1230,334,2025-11-14
945,Campaign_945,187,145.98,231.18,2359,614,2025-11-15
946,Campaign_946,183,252.71,448.18,2262,583,2025-11-15
947,Campaign_947,487,408.67,604.63,1461,453,2025-11-16
948,Campaign_948,246,388.63,955.6,1399,454,2025-11-16
949,Campaign_949,295,316.48,438.52,1470,480,2025-11-16
950,Campaign_950,328,466.58,813.82,1173,354,2025-11-17
951,Campaign_951,327,131.7,233.1,1076,357,2025-11-17
952,Campaign_952,435,458.83,1118.13,1148,376,2025-11-17
953,Campaign_953,307,423.46,639.62,1151,345,2025-11-17
954,Campaign_954,99,234.04,480.43,2265,681,2025-11-18
955,Campaign_955,472,341.97,414.32,2323,690,2025-11-18
956,Campaign_956,67,226.34,367.25,1599,440,2025-11-19
957,Campaign_957,420,231.86,279.61,1579,412,2025-11-19
958,Campaign_958,179,326.86,527.38,1577,420,2025-11-19
959,Campaign_959,36,369.11,611.14,1100,301,2025-11-20
960,Campaign_960,69,386.86,611.74,1066,288,2025-11-20
961,Campaign_961,361,478.51,533.69,1080,303,2025-11-20
962,Campaign_962,205,356.43,654.81,1108,284,2025-11-20
963,Campaign_963,292,307.41,482.62,2269,691,2025-11-21
964,Campaign_964,381,274.45,504.11,2189,690,2025-11-21
965,Campaign_965,454,483.75,775.63,1571,441,2025-11-22
966,Campaign_966,183,357.5,662.48,1624,446,2025-11-22
967,Campaign_967,311,155.98,203.22,1619,427,2025-11-22
968,Campaign_968,202,181.68,215.39,2302,597,2025-11-23
969,Campaign_969,392,104.43,215.73,2309,583,2025-11-23
970,Campaign_970,81,307.7,612.5,1512,473,2025-11-24
971,Campaign_971,28,313.78,737.55,1438,463,2025-11-24
972,Campaign_972,285,387.95,512.78,1506,477,2025-11-24
973,Campaign_973,242,485.4,625.1,1590,412,2025-11-25
974,Campaign_974,151,346.74,503.78,1578,418,2025-11-25
975,Campaign_975,195,159.36,181.31,1565,417,2025-11-25
976,Campaign_976,361,223.04,459.87,1549,364,2025-11-26
977,Campaign_977,383,445.3,949.36,1546,377,2025-11-26
978,Campaign_978,131,388.85,571.81,1475,384,2025-11-26
979,Campaign_979,262,242.28,480.24,2299,675,2025-11-27
980,Campaign_980,138,161.15,369.52,2294,665,2025-11-27
981,Campaign_981,7,453.87,600.89,2124,667,2025-11-28
982,Campaign_982,301,442.67,902.89,2043,695,2025-11-28
983,Campaign_983,43,473.71,766.08,1520,459,2025-11-29
984,Campaign_984,470,494.02,550.37,1521,450,2025-11-29
985,Campaign_985,336,343.52,843.81,1532,460,2025-11-29
986,Campaign_986,18,445.43,753.68,2167,603,2025-11-30
987,Campaign_987,79,478.6,694.97,2176,603,2025-11-30
988,Campaign_988,27,310.72,423.44,2465,568,2025-12-01
989,Campaign_989,118,357.02,412.08,2406,591,2025-12-01
990,Campaign_990,89,376.66,798.44,1046,334,2025-12-02
991,Campaign_991,294,261.62,445.85,1045,324,2025-12-02
992,Campaign_992,482,477.94,669.08,1036,344,2025-12-02
993,Campaign_993,6,142.67,172.79,1026,338,2025-12-02
994,Campaign_994,83,115.66,136.3,1419,436,2025-12-03
995,Campaign_995,267,184.6,220.96,1509,424,2025-12-03
996,Campaign_996,168,343.16,471.53,1500,457,2025-12-03
997,Campaign_997,307,120.79,279.12,1591,418,2025-12-04
998,Campaign_998,115,283.75,699.9,1538,423,2025-12-04
999,Campaign_999,447,493.58,802.96,1590,393,2025-12-04
1000,Campaign_1000,493,162.29,207.77,1177,355,2025-12-05
1001,Campaign_1001,262,173.33,250.02,1140,323,2025-12-05
1002,Campaign_1002,358,444.66,863.08,1171,351,2025-12-05
1003,Campaign_1003,355,414.17,592.98,1195,348,2025-12-05
1004,Campaign_1004,433,243.4,311.97,1547,381,2025-12-06
1005,Campaign_1005,354,468.59,518.53,1595,380,2025-12-06
1006,Campaign_1006,18,439.78,901.0,1602,376,2025-12-06
1007,Campaign_1007,122,466.27,653.66,1528,433,2025-12-07
1008,Campaign_1008,36,239.11,454.16,1505,439,2025-12-07
1009,Campaign_1009,380,320.13,720.79,1467,424,2025-12-07
1010,Campaign_1010,297,225.7,416.41,2328,720,2025-12-08
1011,Campaign_1011,440,139.43,167.99,2363,721,2025-12-08
1012,Campaign_1012,12,240.2,592.84,1157,308,2025-12-09
1013,Campaign_1013,492,102.57,115.2,1161,323,2025-12-09
1014,Campaign_1014,284,151.56,325.5,1112,317,2025-12-09
1015,Campaign_1015,62,330.26,732.84,1155,314,2025-12-09
1016,Campaign_1016,356,489.44,955.52,1522,411,2025-12-10
1017,Campaign_1017,88,472.7,750.43,1574,386,2025-12-10
1018,Campaign_1018,489,312.39,565.85,1503,389,2025-12-10
1019,Campaign_1019,205,259.1,603.79,1571,468,2025-12-11
1020,Campaign_1020,17,310.74,647.4,1593,477,2025-12-11
1021,Campaign_1021,356,259.45,447.05,1567,481,2025-12-11
1022,Campaign_1022,172,496.63,941.24,2390,684,2025-12-12
1023,Campaign_1023,22,181.02,430.19,2397,692,2025-12-12
1024,Campaign_1024,401,188.43,354.76,1072,317,2025-12-13
1025,Campaign_1025,459,174.75,332.41,1145,319,2025-12-13
1026,Campaign_1026,228,171.58,373.99,1065,344,2025-12-13
1027,Campaign_1027,59,267.86,492.41,1065,339,2025-12-13
1028,Campaign_1028,74,128.98,196.38,1583,456,2025-12-14
1029,Campaign_1029,330,214.44,323.21,1560,456,2025-12-14
1030,Campaign_1030,303,261.68,634.23,1610,431,2025-12-14
1031,Campaign_1031,105,368.91,864.86,1097,328,2025-12-15
1032,Campaign_1032,236,166.93,324.21,1103,316,2025-12-15
1033,Campaign_1033,466,345.73,784.27,1090,320,2025-12-15
1034,Campaign_1034,121,184.38,340.89,1136,317,2025-12-15
1035,Campaign_1035,490,325.97,776.76,1495,424,2025-12-16
1036,Campaign_1036,341,146.1,362.55,1509,421,2025-12-16
1037,Campaign_1037,13,466.56,657.92,1520,422,2025-12-16
1038,Campaign_1038,366,435.96,692.28,1497,403,2025-12-17
1039,Campaign_1039,61,468.45,1105.58,1407,398,2025-12-17
1040,Campaign_1040,212,287.11,501.48,1462,390,2025-12-17
1041,Campaign_1041,73,173.96,389.95,2200,586,2025-12-18
1042,Campaign_1042,336,428.67,867.07,2232,569,2025-12-18
1043,Campaign_1043,297,268.17,313.89,2530,652,2025-12-19
1044,Campaign_1044,93,440.13,929.15,2504,623,2025-12-19
1045,Campaign_1045,72,428.67,553.51,2138,695,2025-12-20
1046,Campaign_1046,319,158.01,392.46,2174,690,2025-12-20
1047,Campaign_1047,112,230.4,469.18,2148,567,2025-12-21
1048,Campaign_1048,242,494.73,669.91,2204,569,2025-12-21
1049,Campaign_1049,3,356.8,870.5,2318,562,2025-12-22
1050,Campaign_1050,162,178.85,256.73,2239,584,2025-12-22
1051,Campaign_1051,70,141.99,287.99,1147,334,2025-12-23
1052,Campaign_1052,212,236.11,363.04,1167,330,2025-12-23
1053,Campaign_1053,446,200.77,254.8,1154,344,2025-12-23
1054,Campaign_1054,31,278.51,545.78,1087,329,2025-12-23
1055,Campaign_1055,465,435.99,594.74,1533,487,2025-12-24
1056,Campaign_1056,314,397.39,659.56,1530,484,2025-12-24
1057,Campaign_1057,130,232.74,482.93,1461,454,2025-12-24
1058,Campaign_1058,59,290.94,349.76,1133,339,2025-12-25
1059,Campaign_1059,25,427.43,787.39,1072,348,2025-12-25
1060,Campaign_1060,477,125.04,192.95,1100,337,2025-12-25
1061,Campaign_1061,235,253.23,384.85,1115,324,2025-12-25
1062,Campaign_1062,51,129.71,221.83,2119,604,2025-12-26
1063,Campaign_1063,450,358.54,648.6,2107,586,2025-12-26
1064,Campaign_1064,418,362.29,734.24,2190,695,2025-12-27
1065,Campaign_1065,138,375.99,575.89,2230,693,2025-12-27
1066,Campaign_1066,403,467.5,994.64,1575,464,2025-12-28
1067,Campaign_1067,266,124.65,165.31,1620,480,2025-12-28
1068,Campaign_1068,96,149.38,324.48,1565,489,2025-12-28
1069,Campaign_1069,378,194.5,239.23,2147,676,2025-12-29
1070,Campaign_1070,335,349.44,589.38,2153,689,2025-12-29
1071,Campaign_1071,78,348.1,439.26,1118,285,2025-12-30
1072,Campaign_1072,311,195.23,307.43,1108,312,2025-12-30
1073,Campaign_1073,346,377.65,506.1,1047,281,2025-12-30
1074,Campaign_1074,345,318.72,598.78,1124,285,2025-12-30
1075,Campaign_1075,464,138.04,172.4,1595,398,2025-12-31
1076,Campaign_1076,377,322.07,478.95,1567,371,2025-12-31
1077,Campaign_1077,445,323.54,407.18,1598,396,2025-12-31
1078,Campaign_1078,283,467.33,596.08,26,0,2026-01-01
1079,Campaign_1079,278,246.27,514.99,22,0,2026-01-01
1080,Campaign_1080,246,483.49,534.56,4,0,2026-01-01
